{
  "pair_count": 3,
  "temperature": 0.2,
  "image_embeddings_shape": [
    3,
    3
  ],
  "text_embeddings_shape": [
    3,
    3
  ],
  "similarity_matrix_shape": [
    3,
    3
  ],
  "pair_labels": [
    "붉은 원 ↔ red circle",
    "푸른 사각형 ↔ blue square",
    "초록 삼각형 ↔ green triangle"
  ],
  "similarity_matrix": [
    [
      0.994362,
      0.116387,
      0.244952
    ],
    [
      0.150833,
      0.998507,
      0.12839
    ],
    [
      0.112763,
      0.247587,
      0.996004
    ]
  ],
  "logits_matrix": [
    [
      4.97181,
      0.581935,
      1.224762
    ],
    [
      0.754166,
      4.992533,
      0.641951
    ],
    [
      0.563814,
      1.237935,
      4.980022
    ]
  ],
  "diagonal_similarities": [
    0.994362,
    0.998507,
    0.996004
  ],
  "mean_positive_similarity": 0.996291,
  "mean_negative_similarity": 0.166819,
  "hardest_negative_similarity": 0.247587,
  "top1_predictions": [
    0,
    1,
    2
  ],
  "top1_alignment_accuracy": 1.0,
  "loss_i2t": 0.032493,
  "loss_t2i": 0.032435,
  "symmetric_contrastive_loss": 0.032464,
  "figure_path": "artifacts/scratch-manual/alignment_heatmap.svg"
}